workload,policy,repeat,slo_scale,shape,requests,misses,miss_rate,latency_mean_s,latency_p95_s
current-mix,current,0,2.5,1024x1024,16,6,0.375,55.68549140176037,116.28969917749055
current-mix,current,0,2.5,512x512,32,15,0.46875,50.339759232709184,122.57534733428618
current-mix,current,0,2.5,768x768,32,13,0.40625,52.27424984407844,135.82379135666412
current-mix,current,0,3.0,1024x1024,16,5,0.3125,60.900711149850395,121.41739045619033
current-mix,current,0,3.0,512x512,32,15,0.46875,56.20181572355796,133.05694556212984
current-mix,current,0,3.0,768x768,32,13,0.40625,52.597320581029635,118.68089099680071
current-mix,current,0,3.5,1024x1024,16,3,0.1875,66.6874522563885,176.1019722276833
current-mix,current,0,3.5,512x512,32,7,0.21875,58.29657150426647,181.41951247164977
current-mix,current,0,3.5,768x768,32,13,0.40625,74.55704965014593,193.7692692977376
current-mix,current,0,4.0,1024x1024,16,2,0.125,57.25006316276267,99.20555904717185
current-mix,current,0,4.0,512x512,32,6,0.1875,43.87004785327008,88.32958032814786
current-mix,current,0,4.0,768x768,32,4,0.125,37.981944344501244,83.31533366995862
current-mix,slo_no_preemption_lookup,0,2.5,1024x1024,16,5,0.3125,43.211821252305526,87.19874516874552
current-mix,slo_no_preemption_lookup,0,2.5,512x512,32,6,0.1875,28.133473770751152,72.7732766023837
current-mix,slo_no_preemption_lookup,0,2.5,768x768,32,7,0.21875,32.27883189174463,76.5911305623129
current-mix,slo_no_preemption_lookup,0,3.0,1024x1024,16,2,0.125,42.59909404953942,77.40693849767558
current-mix,slo_no_preemption_lookup,0,3.0,512x512,32,1,0.03125,22.764184965984896,44.50819373968989
current-mix,slo_no_preemption_lookup,0,3.0,768x768,32,2,0.0625,23.10963702533627,38.316847368190054
current-mix,slo_no_preemption_lookup,0,3.5,1024x1024,16,0,0.0,39.62067248171661,60.0834144318942
current-mix,slo_no_preemption_lookup,0,3.5,512x512,32,0,0.0,23.5149876230862,43.99468800649047
current-mix,slo_no_preemption_lookup,0,3.5,768x768,32,0,0.0,24.733934291783953,48.448823573673145
current-mix,slo_no_preemption_lookup,0,4.0,1024x1024,16,0,0.0,38.912781870982144,60.1028797053732
current-mix,slo_no_preemption_lookup,0,4.0,512x512,32,1,0.03125,22.753547020314727,44.7552277201321
current-mix,slo_no_preemption_lookup,0,4.0,768x768,32,1,0.03125,25.560235824726988,52.073069847282014
large-heavy,current,0,2.5,1024x1024,48,35,0.7291666666666666,77.6369054565439,131.9779837871436
large-heavy,current,0,2.5,512x512,16,11,0.6875,71.8023180582095,110.40990260476246
large-heavy,current,0,2.5,768x768,16,12,0.75,63.59796278690919,100.30428140494041
large-heavy,current,0,3.0,1024x1024,48,40,0.8333333333333334,142.78624535117044,257.6673733891454
large-heavy,current,0,3.0,512x512,16,16,1.0,159.7750653786934,257.95667143911123
large-heavy,current,0,3.0,768x768,16,13,0.8125,136.98647530035427,248.75715304473417
large-heavy,current,0,3.5,1024x1024,48,23,0.4791666666666667,83.91575002695511,162.7884045861661
large-heavy,current,0,3.5,512x512,16,8,0.5,70.88604536332423,150.2273876373656
large-heavy,current,0,3.5,768x768,16,10,0.625,67.54486644029384,129.29386761551723
large-heavy,current,0,4.0,1024x1024,48,23,0.4791666666666667,94.05219603545265,204.2329177287407
large-heavy,current,0,4.0,512x512,16,8,0.5,75.2232484248234,148.66005429206416
large-heavy,current,0,4.0,768x768,16,8,0.5,76.56705634453101,124.00569508341141
large-heavy,slo_no_preemption_lookup,0,2.5,1024x1024,48,18,0.375,66.45544854646626,160.28195724678224
large-heavy,slo_no_preemption_lookup,0,2.5,512x512,16,7,0.4375,56.93383092741715,145.42248671408743
large-heavy,slo_no_preemption_lookup,0,2.5,768x768,16,1,0.0625,23.500006893649697,40.532938787015155
large-heavy,slo_no_preemption_lookup,0,3.0,1024x1024,48,9,0.1875,51.06177187392799,102.23279396393335
large-heavy,slo_no_preemption_lookup,0,3.0,512x512,16,9,0.5625,68.50605277548311,161.35469134151936
large-heavy,slo_no_preemption_lookup,0,3.0,768x768,16,8,0.5,72.10901745664887,196.06559098814614
large-heavy,slo_no_preemption_lookup,0,3.5,1024x1024,48,5,0.10416666666666667,50.08143233913385,123.44169026762245
large-heavy,slo_no_preemption_lookup,0,3.5,512x512,16,4,0.25,56.93331442633644,253.52370830415748
large-heavy,slo_no_preemption_lookup,0,3.5,768x768,16,8,0.5,99.77950157370651,233.8787849477958
large-heavy,slo_no_preemption_lookup,0,4.0,1024x1024,48,4,0.08333333333333333,49.476122272802364,111.79287006589581
large-heavy,slo_no_preemption_lookup,0,4.0,512x512,16,7,0.4375,67.66978093155194,171.4041167094838
large-heavy,slo_no_preemption_lookup,0,4.0,768x768,16,6,0.375,66.37534203164978,154.5676833372563
rectangular-mix,current,0,2.5,1024x1024,11,4,0.36363636363636365,66.92335777890615,149.12742535071447
rectangular-mix,current,0,2.5,1024x576,11,7,0.6363636363636364,48.34250422727994,83.58179386425763
rectangular-mix,current,0,2.5,512x512,11,5,0.45454545454545453,43.772104905325584,93.67762928595766
rectangular-mix,current,0,2.5,512x768,12,6,0.5,48.32011068604576,91.8785579745192
rectangular-mix,current,0,2.5,576x1024,12,5,0.4166666666666667,44.9628844197529,78.30905165849252
rectangular-mix,current,0,2.5,768x512,12,8,0.6666666666666666,50.331131677143276,88.70004796264692
rectangular-mix,current,0,2.5,768x768,11,8,0.7272727272727273,69.06320623520084,124.49952682340518
rectangular-mix,current,0,3.0,1024x1024,11,4,0.36363636363636365,74.14647458070381,134.87072083167732
rectangular-mix,current,0,3.0,1024x576,11,4,0.36363636363636365,54.54645128192549,118.34418520564213
rectangular-mix,current,0,3.0,512x512,11,5,0.45454545454545453,53.07985851981423,93.64263921324164
rectangular-mix,current,0,3.0,512x768,12,7,0.5833333333333334,70.33566343877465,146.4614630404394
rectangular-mix,current,0,3.0,576x1024,12,6,0.5,53.54896856495179,106.11293780710547
rectangular-mix,current,0,3.0,768x512,12,8,0.6666666666666666,54.44895168580115,82.33283710028044
rectangular-mix,current,0,3.0,768x768,11,3,0.2727272727272727,37.65644934646446,64.29907160112634
rectangular-mix,current,0,3.5,1024x1024,11,4,0.36363636363636365,66.52737632715566,144.1620560302399
rectangular-mix,current,0,3.5,1024x576,11,4,0.36363636363636365,64.85455305806614,158.5141834905371
rectangular-mix,current,0,3.5,512x512,11,5,0.45454545454545453,83.9706070442684,216.2635507103987
rectangular-mix,current,0,3.5,512x768,12,6,0.5,84.18845349790838,197.92769032437354
rectangular-mix,current,0,3.5,576x1024,12,8,0.6666666666666666,73.8752453418759,176.84519420019348
rectangular-mix,current,0,3.5,768x512,12,5,0.4166666666666667,73.814023337715,201.65899693588727
rectangular-mix,current,0,3.5,768x768,11,6,0.5454545454545454,77.13288556310263,178.9745701388456
rectangular-mix,current,0,4.0,1024x1024,11,1,0.09090909090909091,60.845413010652095,97.72699422761798
rectangular-mix,current,0,4.0,1024x576,11,4,0.36363636363636365,53.69905578285795,112.45657431287691
rectangular-mix,current,0,4.0,512x512,11,1,0.09090909090909091,39.01352749307725,75.46798644633964
rectangular-mix,current,0,4.0,512x768,12,4,0.3333333333333333,53.218403338066615,95.62059316765516
rectangular-mix,current,0,4.0,576x1024,12,3,0.25,43.51858350075781,89.84678088757207
rectangular-mix,current,0,4.0,768x512,12,4,0.3333333333333333,48.47302374507611,105.86037946790456
rectangular-mix,current,0,4.0,768x768,11,1,0.09090909090909091,43.23958298724822,80.58403361728415
rectangular-mix,slo_no_preemption_lookup,0,2.5,1024x1024,11,1,0.09090909090909091,31.369545782408252,51.11060615256429
rectangular-mix,slo_no_preemption_lookup,0,2.5,1024x576,11,2,0.18181818181818182,29.10308939159255,51.054009455721825
rectangular-mix,slo_no_preemption_lookup,0,2.5,512x512,11,1,0.09090909090909091,29.955894523469563,46.36284493235871
rectangular-mix,slo_no_preemption_lookup,0,2.5,512x768,12,4,0.3333333333333333,34.175396351066105,73.04323431057855
rectangular-mix,slo_no_preemption_lookup,0,2.5,576x1024,12,0,0.0,22.22799447621219,36.514554081484675
rectangular-mix,slo_no_preemption_lookup,0,2.5,768x512,12,4,0.3333333333333333,34.97200935326206,60.77750686071812
rectangular-mix,slo_no_preemption_lookup,0,2.5,768x768,11,2,0.18181818181818182,32.40436090528965,69.1780209587887
rectangular-mix,slo_no_preemption_lookup,0,3.0,1024x1024,11,0,0.0,24.88090093095194,25.5577669814229
rectangular-mix,slo_no_preemption_lookup,0,3.0,1024x576,11,3,0.2727272727272727,37.733471416106276,94.80643430538476
rectangular-mix,slo_no_preemption_lookup,0,3.0,512x512,11,1,0.09090909090909091,32.24586031442,63.844276482239366
rectangular-mix,slo_no_preemption_lookup,0,3.0,512x768,12,2,0.16666666666666666,33.62982863894043,80.33978464105162
rectangular-mix,slo_no_preemption_lookup,0,3.0,576x1024,12,3,0.25,32.675164838243894,81.38293211022388
rectangular-mix,slo_no_preemption_lookup,0,3.0,768x512,12,3,0.25,36.24270873633213,80.38710005288009
rectangular-mix,slo_no_preemption_lookup,0,3.0,768x768,11,3,0.2727272727272727,33.4650722541423,83.74909492442384
rectangular-mix,slo_no_preemption_lookup,0,3.5,1024x1024,11,1,0.09090909090909091,33.286587969653986,72.95878257742152
rectangular-mix,slo_no_preemption_lookup,0,3.5,1024x576,11,1,0.09090909090909091,26.375908662311055,50.90476364502683
rectangular-mix,slo_no_preemption_lookup,0,3.5,512x512,11,1,0.09090909090909091,34.66101033977148,76.91187176667154
rectangular-mix,slo_no_preemption_lookup,0,3.5,512x768,12,2,0.16666666666666666,31.018571769818664,65.65044434936715
rectangular-mix,slo_no_preemption_lookup,0,3.5,576x1024,12,2,0.16666666666666666,37.68972479272634,83.25337656126354
rectangular-mix,slo_no_preemption_lookup,0,3.5,768x512,12,2,0.16666666666666666,34.41815146718485,71.94477728232738
rectangular-mix,slo_no_preemption_lookup,0,3.5,768x768,11,2,0.18181818181818182,39.96371676154774,81.15402027545497
rectangular-mix,slo_no_preemption_lookup,0,4.0,1024x1024,11,1,0.09090909090909091,32.92190616137602,68.91898231906816
rectangular-mix,slo_no_preemption_lookup,0,4.0,1024x576,11,0,0.0,27.023529548959974,52.62942783161998
rectangular-mix,slo_no_preemption_lookup,0,4.0,512x512,11,1,0.09090909090909091,33.003310081887655,70.88085882458836
rectangular-mix,slo_no_preemption_lookup,0,4.0,512x768,12,2,0.16666666666666666,35.299758764837556,83.56610381994395
rectangular-mix,slo_no_preemption_lookup,0,4.0,576x1024,12,1,0.08333333333333333,31.67065509292297,76.78954517045055
rectangular-mix,slo_no_preemption_lookup,0,4.0,768x512,12,0,0.0,29.67291692768534,56.61592385955155
rectangular-mix,slo_no_preemption_lookup,0,4.0,768x768,11,0,0.0,25.31972200762142,57.07448751479387
bursty,current,0,2.5,1024x1024,16,12,0.75,89.46677712432574,173.04817349347286
bursty,current,0,2.5,512x512,32,23,0.71875,77.00094275490846,174.07428212449884
bursty,current,0,2.5,768x768,32,19,0.59375,64.93674950514105,156.32371655344028
bursty,current,0,3.0,1024x1024,16,3,0.1875,52.32086697651539,94.38925853930414
bursty,current,0,3.0,512x512,32,10,0.3125,43.127266451279866,109.6204650120344
bursty,current,0,3.0,768x768,32,11,0.34375,48.79482487664791,106.80576222310772
bursty,current,0,3.5,1024x1024,16,3,0.1875,54.316838486876804,98.13721111323684
bursty,current,0,3.5,512x512,32,2,0.0625,34.278074900154024,61.05890926299615
bursty,current,0,3.5,768x768,32,7,0.21875,42.84589198953472,78.13318584784865
bursty,current,0,4.0,1024x1024,16,4,0.25,74.28240888135042,156.5781851040665
bursty,current,0,4.0,512x512,32,10,0.3125,62.23721162820584,146.5687917659059
bursty,current,0,4.0,768x768,32,14,0.4375,58.670882561273174,120.73720159591176
bursty,slo_no_preemption_lookup,0,2.5,1024x1024,16,10,0.625,72.14807618956547,137.97918405989185
bursty,slo_no_preemption_lookup,0,2.5,512x512,32,14,0.4375,53.98864620519453,155.3570533143822
bursty,slo_no_preemption_lookup,0,2.5,768x768,32,12,0.375,42.864951146941166,93.31396040171384
bursty,slo_no_preemption_lookup,0,3.0,1024x1024,16,7,0.4375,67.71276791347191,136.49654031172395
bursty,slo_no_preemption_lookup,0,3.0,512x512,32,13,0.40625,50.007324654085096,123.21817018319851
bursty,slo_no_preemption_lookup,0,3.0,768x768,32,11,0.34375,50.24958883196814,102.59285582154989
bursty,slo_no_preemption_lookup,0,3.5,1024x1024,16,4,0.25,61.82981106371153,162.41123046865687
bursty,slo_no_preemption_lookup,0,3.5,512x512,32,10,0.3125,68.13588433139375,176.82647911915555
bursty,slo_no_preemption_lookup,0,3.5,768x768,32,11,0.34375,60.855574454850284,153.075999669265
bursty,slo_no_preemption_lookup,0,4.0,1024x1024,16,4,0.25,68.31784240418347,154.62846020283177
bursty,slo_no_preemption_lookup,0,4.0,512x512,32,8,0.25,52.75923355380655,138.30275245192462
bursty,slo_no_preemption_lookup,0,4.0,768x768,32,4,0.125,36.4642747794569,85.56805508513935
