label,scenario_index,steps,request_index,denoise_replica_id,decode_replica_id,denoise_end_wall_s,decode_start_wall_s,submit_to_decode_s,decode_duration_s,e2e_latency_s,denoise_end_rel_s,previous_denoise_end_gap_s
baseline_7replica,0,4,4,4,4,1780635747.301612,1780635747.301781,0.000170,0.164393,15.886229,0.000000,
baseline_7replica,0,4,5,5,5,1780635747.306471,1780635747.306765,0.000294,0.165887,15.891425,0.004859,0.004859
baseline_7replica,0,4,7,0,0,1780635747.308697,1780635747.308872,0.000175,0.164525,15.872788,0.007085,0.002226
baseline_7replica,0,4,9,2,2,1780635747.313941,1780635747.314121,0.000180,0.164110,15.892837,0.012330,0.005245
baseline_7replica,0,4,3,3,3,1780635747.313990,1780635747.314163,0.000174,0.163645,15.889517,0.012378,0.000048
baseline_7replica,0,4,8,1,1,1780635747.344428,1780635747.344600,0.000172,0.164744,15.898982,0.042816,0.030438
baseline_7replica,0,4,6,6,6,1780635747.400679,1780635747.400857,0.000178,0.164188,15.976246,0.099067,0.056252
baseline_7replica,0,4,11,4,4,1780635749.542592,1780635749.542763,0.000171,1.607079,20.666431,2.240981,2.141913
baseline_7replica,0,4,12,5,5,1780635749.558211,1780635749.558507,0.000297,1.603722,20.654323,2.256599,0.015618
baseline_7replica,0,4,10,3,3,1780635749.574544,1780635749.574709,0.000165,1.599358,20.637433,2.272933,0.016334
baseline_7replica,0,4,13,6,6,1780635749.644976,1780635749.645141,0.000165,1.610783,20.722060,2.343364,0.070431
baseline_7replica,0,4,25,4,4,1780635751.150595,1780635751.150724,0.000129,0.149506,20.615680,3.848984,1.505620
baseline_7replica,0,4,26,5,5,1780635751.162911,1780635751.163028,0.000117,0.149423,20.616330,3.861300,0.012316
baseline_7replica,0,4,17,3,3,1780635751.174811,1780635751.174930,0.000119,0.149784,20.628615,3.873199,0.011900
baseline_7replica,0,4,27,6,6,1780635751.256689,1780635751.256815,0.000126,0.149655,20.694724,3.955077,0.081878
baseline_7replica,0,4,18,4,4,1780635751.300763,1780635751.300880,0.000117,0.149553,20.619640,3.999152,0.044075
baseline_7replica,0,4,19,5,5,1780635751.312913,1780635751.313021,0.000108,0.149305,20.631911,4.011302,0.012150
baseline_7replica,0,4,24,3,3,1780635751.325250,1780635751.325366,0.000116,0.149581,20.600329,4.023638,0.012337
baseline_7replica,0,4,20,6,6,1780635751.407249,1780635751.407380,0.000130,0.149831,20.700997,4.105638,0.081999
baseline_7replica,0,4,0,0,0,1780635751.414166,1780635751.414335,0.000168,0.160934,21.069694,4.112555,0.006917
baseline_7replica,0,4,2,2,2,1780635751.424875,1780635751.425044,0.000169,0.161326,21.105778,4.123264,0.010709
baseline_7replica,0,4,32,4,4,1780635751.451056,1780635751.451173,0.000117,0.149255,20.587023,4.149444,0.026180
baseline_7replica,0,4,1,1,1,1780635751.452529,1780635751.452686,0.000157,0.162076,21.065425,4.150918,0.001474
baseline_7replica,0,4,33,5,5,1780635751.462782,1780635751.462887,0.000105,0.149360,20.590561,4.161170,0.010253
baseline_7replica,0,4,31,3,3,1780635751.475467,1780635751.475594,0.000127,0.149507,20.586792,4.173855,0.012685
baseline_7replica,0,4,34,6,6,1780635751.558048,1780635751.558181,0.000133,0.149816,20.670110,4.256437,0.082582
baseline_7replica,0,4,14,0,0,1780635751.575928,1780635751.576049,0.000121,0.149995,21.050909,4.274316,0.017879
baseline_7replica,0,4,16,2,2,1780635751.586889,1780635751.587000,0.000111,0.149924,21.080070,4.285278,0.010961
baseline_7replica,0,4,39,4,4,1780635751.601099,1780635751.601218,0.000118,0.149462,20.568525,4.299488,0.014210
baseline_7replica,0,4,40,5,5,1780635751.612968,1780635751.613079,0.000111,0.149884,20.577658,4.311357,0.011869
baseline_7replica,0,4,15,1,1,1780635751.615383,1780635751.615505,0.000123,0.149704,21.048207,4.313771,0.002414
baseline_7replica,0,4,38,3,3,1780635751.625668,1780635751.625778,0.000111,0.149594,20.565865,4.324056,0.010285
baseline_7replica,0,4,41,6,6,1780635751.708852,1780635751.708971,0.000118,0.149861,20.647633,4.407240,0.083184
baseline_7replica,0,4,21,0,0,1780635751.726675,1780635751.726794,0.000119,0.149637,21.022942,4.425063,0.017823
baseline_7replica,0,4,23,2,2,1780635751.737415,1780635751.737530,0.000115,0.149925,21.053828,4.435803,0.010740
baseline_7replica,0,4,22,1,1,1780635751.765851,1780635751.765971,0.000121,0.149816,21.016006,4.464239,0.028436
baseline_7replica,0,4,28,0,0,1780635751.877163,1780635751.877278,0.000115,0.149692,21.007851,4.575552,0.111313
baseline_7replica,0,4,30,2,2,1780635751.888164,1780635751.888285,0.000122,0.150079,21.037279,4.586552,0.011000
baseline_7replica,0,4,29,1,1,1780635751.916531,1780635751.916661,0.000130,0.150246,20.989340,4.614919,0.028367
baseline_7replica,0,4,35,0,0,1780635752.027595,1780635752.027706,0.000112,0.149816,20.986076,4.725983,0.111064
baseline_7replica,0,4,37,2,2,1780635752.038955,1780635752.039068,0.000113,0.150053,21.019719,4.737343,0.011360
baseline_7replica,0,4,36,1,1,1780635752.067630,1780635752.067751,0.000121,0.149994,20.989855,4.766018,0.028675
baseline_7replica,1,8,9,2,2,1780635787.188785,1780635787.189022,0.000237,0.163995,34.674955,0.000000,
baseline_7replica,1,8,4,4,4,1780635787.215679,1780635787.215954,0.000275,0.163118,34.702251,0.026893,0.026893
baseline_7replica,1,8,3,3,3,1780635787.229925,1780635787.230155,0.000229,0.163677,34.682248,0.041140,0.014247
baseline_7replica,1,8,0,0,0,1780635787.285529,1780635787.285771,0.000242,0.163085,34.722971,0.096744,0.055604
baseline_7replica,1,8,8,1,1,1780635787.377867,1780635787.378101,0.000234,0.164081,34.805163,0.189082,0.092338
baseline_7replica,1,8,6,6,6,1780635787.380714,1780635787.380954,0.000240,0.164120,34.843755,0.191928,0.002846
baseline_7replica,1,8,5,5,5,1780635787.461565,1780635787.461817,0.000251,0.162261,34.907231,0.272780,0.080852
baseline_7replica,1,8,10,3,3,1780635789.379454,1780635789.379667,0.000213,1.612935,39.324281,2.190668,1.917888
baseline_7replica,1,8,18,4,4,1780635789.384706,1780635789.384936,0.000229,1.622439,39.335505,2.195921,0.005253
baseline_7replica,1,8,13,6,6,1780635789.532163,1780635789.532410,0.000246,1.613739,39.533088,2.343378,0.147457
baseline_7replica,1,8,12,5,5,1780635789.627059,1780635789.627290,0.000231,1.615623,39.628103,2.438273,0.094895
baseline_7replica,1,8,17,3,3,1780635790.993400,1780635790.993589,0.000189,0.149700,39.302810,3.804615,1.366341
baseline_7replica,1,8,25,4,4,1780635791.007937,1780635791.008121,0.000183,0.149264,39.326513,3.819152,0.014537
baseline_7replica,1,8,24,3,3,1780635791.143803,1780635791.143994,0.000191,0.149574,39.290985,3.955017,0.135865
baseline_7replica,1,8,20,6,6,1780635791.147034,1780635791.147224,0.000191,0.150071,39.519103,3.958248,0.003231
baseline_7replica,1,8,11,4,4,1780635791.158049,1780635791.158235,0.000185,0.150214,39.376490,3.969264,0.011015
baseline_7replica,1,8,19,5,5,1780635791.243513,1780635791.243691,0.000178,0.149311,39.600638,4.054728,0.085464
baseline_7replica,1,8,31,3,3,1780635791.294143,1780635791.294327,0.000184,0.149437,39.205225,4.105358,0.050630
baseline_7replica,1,8,2,2,2,1780635791.294857,1780635791.295138,0.000281,0.160640,39.903519,4.106072,0.000714
baseline_7replica,1,8,27,6,6,1780635791.298073,1780635791.298264,0.000191,0.150069,39.438734,4.109288,0.003216
baseline_7replica,1,8,32,4,4,1780635791.309059,1780635791.309248,0.000189,0.149428,39.238647,4.120274,0.010986
baseline_7replica,1,8,7,0,0,1780635791.384678,1780635791.384909,0.000232,0.162376,39.904359,4.195892,0.075619
baseline_7replica,1,8,26,5,5,1780635791.393489,1780635791.393660,0.000171,0.149458,39.587501,4.204704,0.008811
baseline_7replica,1,8,38,3,3,1780635791.444312,1780635791.444499,0.000187,0.149409,39.178813,4.255527,0.050823
baseline_7replica,1,8,34,6,6,1780635791.449123,1780635791.449322,0.000198,0.149933,39.411071,4.260338,0.004812
baseline_7replica,1,8,16,2,2,1780635791.456303,1780635791.456477,0.000174,0.149634,39.872139,4.267518,0.007180
baseline_7replica,1,8,39,4,4,1780635791.459203,1780635791.459381,0.000177,0.149303,39.223913,4.270418,0.002900
baseline_7replica,1,8,1,1,1,1780635791.488043,1780635791.488255,0.000212,0.162202,40.014274,4.299258,0.028840
baseline_7replica,1,8,33,5,5,1780635791.543734,1780635791.543926,0.000192,0.149594,39.505383,4.354949,0.055691
baseline_7replica,1,8,14,0,0,1780635791.547810,1780635791.548005,0.000196,0.149358,39.876768,4.359025,0.004076
baseline_7replica,1,8,41,6,6,1780635791.600207,1780635791.600395,0.000188,0.150263,39.399036,4.411421,0.052397
baseline_7replica,1,8,23,2,2,1780635791.606650,1780635791.606826,0.000176,0.149747,39.846173,4.417865,0.006444
baseline_7replica,1,8,22,1,1,1780635791.651217,1780635791.651395,0.000178,0.149899,39.963067,4.462432,0.044567
baseline_7replica,1,8,40,5,5,1780635791.694012,1780635791.694183,0.000171,0.149551,39.486021,4.505227,0.042795
baseline_7replica,1,8,21,0,0,1780635791.697959,1780635791.698142,0.000183,0.149445,39.848390,4.509174,0.003947
baseline_7replica,1,8,30,2,2,1780635791.757638,1780635791.757919,0.000281,0.150867,39.756786,4.568853,0.059679
baseline_7replica,1,8,15,1,1,1780635791.802066,1780635791.802246,0.000180,0.149805,39.969995,4.613281,0.044428
baseline_7replica,1,8,28,0,0,1780635791.848461,1780635791.848651,0.000189,0.149947,39.794526,4.659676,0.046396
baseline_7replica,1,8,37,2,2,1780635791.909782,1780635791.909976,0.000193,0.150947,39.742702,4.720997,0.061321
baseline_7replica,1,8,29,1,1,1780635791.952769,1780635791.952952,0.000183,0.150379,39.907220,4.763984,0.042987
baseline_7replica,1,8,35,0,0,1780635791.999342,1780635791.999522,0.000179,0.149771,39.756603,4.810557,0.046573
baseline_7replica,1,8,36,1,1,1780635792.104055,1780635792.104233,0.000177,0.149743,39.863322,4.915270,0.104713
baseline_7replica,2,12,2,2,2,1780635846.017583,1780635846.017894,0.000310,0.164004,53.425725,0.000000,
baseline_7replica,2,12,10,3,3,1780635846.017889,1780635846.018191,0.000302,0.163842,53.404213,0.000306,0.000306
baseline_7replica,2,12,5,5,5,1780635846.036051,1780635846.036358,0.000307,0.164231,53.466457,0.018468,0.018162
baseline_7replica,2,12,4,4,4,1780635846.110383,1780635846.110727,0.000344,0.161460,53.517301,0.092800,0.074332
baseline_7replica,2,12,1,1,1,1780635846.244995,1780635846.245314,0.000319,0.163386,53.664585,0.227412,0.134612
baseline_7replica,2,12,6,6,6,1780635846.297819,1780635846.298136,0.000317,0.164028,53.705519,0.280236,0.052824
baseline_7replica,2,12,7,0,0,1780635846.328668,1780635846.328984,0.000315,0.164410,53.717572,0.311085,0.030849
baseline_7replica,2,12,12,5,5,1780635848.187558,1780635848.187866,0.000309,1.615206,58.236034,2.169975,1.858890
baseline_7replica,2,12,11,4,4,1780635848.277687,1780635848.278089,0.000402,1.618015,58.199328,2.260104,0.090129
baseline_7replica,2,12,13,6,6,1780635848.471596,1780635848.471959,0.000364,1.593540,58.379888,2.454013,0.193909
baseline_7replica,2,12,19,5,5,1780635849.803761,1780635849.804018,0.000258,0.149293,57.861166,3.786177,1.332165
baseline_7replica,2,12,18,4,4,1780635849.896887,1780635849.897136,0.000250,0.149357,58.178963,3.879304,0.093126
baseline_7replica,2,12,26,5,5,1780635849.953856,1780635849.954097,0.000240,0.149047,58.183094,3.936273,0.056970
baseline_7replica,2,12,25,4,4,1780635850.047064,1780635850.047311,0.000247,0.149483,58.145670,4.029481,0.093208
baseline_7replica,2,12,20,6,6,1780635850.066504,1780635850.066763,0.000258,0.150312,58.351572,4.048921,0.019440
baseline_7replica,2,12,40,5,5,1780635850.103675,1780635850.103925,0.000250,0.149151,58.118066,4.086092,0.037171
baseline_7replica,2,12,3,3,3,1780635850.112757,1780635850.113034,0.000277,0.160789,58.674460,4.095174,0.009082
baseline_7replica,2,12,9,2,2,1780635850.115296,1780635850.115607,0.000311,0.161152,58.569634,4.097713,0.002539
baseline_7replica,2,12,32,4,4,1780635850.197364,1780635850.197612,0.000247,0.149045,58.123962,4.179781,0.082068
baseline_7replica,2,12,27,6,6,1780635850.217938,1780635850.218192,0.000254,0.149856,58.336906,4.200355,0.020574
baseline_7replica,2,12,33,5,5,1780635850.253618,1780635850.253856,0.000237,0.149232,58.107082,4.236035,0.035681
baseline_7replica,2,12,17,3,3,1780635850.274562,1780635850.274811,0.000248,0.150213,58.633860,4.256979,0.020944
baseline_7replica,2,12,23,2,2,1780635850.277397,1780635850.277645,0.000247,0.149887,58.522257,4.259814,0.002835
baseline_7replica,2,12,8,1,1,1780635850.339110,1780635850.339380,0.000270,0.161812,58.841586,4.321527,0.061713
baseline_7replica,2,12,39,4,4,1780635850.347222,1780635850.347467,0.000245,0.148926,58.092243,4.329639,0.008112
baseline_7replica,2,12,34,6,6,1780635850.368927,1780635850.369184,0.000256,0.150023,58.276724,4.351344,0.021705
baseline_7replica,2,12,24,3,3,1780635850.425663,1780635850.425910,0.000246,0.149771,58.609553,4.408080,0.056736
baseline_7replica,2,12,16,2,2,1780635850.428124,1780635850.428369,0.000245,0.149702,58.542202,4.410541,0.002460
baseline_7replica,2,12,0,0,0,1780635850.428735,1780635850.429036,0.000301,0.161194,58.870203,4.411152,0.000611
baseline_7replica,2,12,15,1,1,1780635850.502053,1780635850.502303,0.000250,0.149945,58.822366,4.484470,0.073318
baseline_7replica,2,12,41,6,6,1780635850.520086,1780635850.520338,0.000252,0.149871,58.257399,4.502502,0.018033
baseline_7replica,2,12,31,3,3,1780635850.576574,1780635850.576817,0.000243,0.149958,58.597236,4.558990,0.056488
baseline_7replica,2,12,30,2,2,1780635850.578760,1780635850.579008,0.000248,0.149859,58.496748,4.561177,0.002186
baseline_7replica,2,12,14,0,0,1780635850.591044,1780635850.591293,0.000249,0.149980,58.831491,4.573461,0.012285
baseline_7replica,2,12,22,1,1,1780635850.653106,1780635850.653358,0.000252,0.149829,58.794872,4.635523,0.062062
baseline_7replica,2,12,38,3,3,1780635850.727562,1780635850.727808,0.000245,0.150023,58.536987,4.709979,0.074456
baseline_7replica,2,12,37,2,2,1780635850.729553,1780635850.729798,0.000245,0.149590,58.446690,4.711970,0.001991
baseline_7replica,2,12,21,0,0,1780635850.742166,1780635850.742418,0.000252,0.149928,58.816528,4.724583,0.012613
baseline_7replica,2,12,29,1,1,1780635850.804058,1780635850.804308,0.000250,0.150034,58.771221,4.786474,0.061891
baseline_7replica,2,12,28,0,0,1780635850.893152,1780635850.893398,0.000247,0.149878,58.798014,4.875568,0.089094
baseline_7replica,2,12,36,1,1,1780635850.955183,1780635850.955437,0.000253,0.149765,58.730780,4.937600,0.062032
baseline_7replica,2,12,35,0,0,1780635851.044117,1780635851.044377,0.000260,0.149725,58.734500,5.026534,0.088933
pipeline_1decode,0,4,6,0,0,1780636292.183357,1780636292.223926,0.008109,0.151898,7.613324,0.000000,
pipeline_1decode,0,4,12,0,0,1780636297.687437,1780636299.673030,0.494918,0.150582,15.034015,5.504079,5.504079
pipeline_1decode,0,4,0,1,0,1780636298.673284,1780636298.713807,0.007534,0.151731,14.152532,6.489926,0.985847
pipeline_1decode,0,4,1,2,0,1780636298.806664,1780636298.905895,0.060776,0.150712,14.283476,6.623306,0.133380
pipeline_1decode,0,4,2,3,0,1780636298.922542,1780636299.097406,0.126552,0.150816,14.474035,6.739185,0.115879
pipeline_1decode,0,4,4,4,0,1780636298.972299,1780636299.289575,0.284883,0.150722,14.664135,6.788942,0.049757
pipeline_1decode,0,4,3,5,0,1780636299.139943,1780636299.481489,0.306066,0.150585,14.897576,6.956586,0.167644
pipeline_1decode,0,4,7,6,0,1780636299.167379,1780636299.863705,0.659189,0.150608,15.228325,6.984022,0.027436
pipeline_1decode,0,4,20,0,0,1780636300.813917,1780636301.965343,0.006666,0.151418,17.309974,8.630559,1.646538
pipeline_1decode,0,4,10,4,0,1780636301.040371,1780636302.730263,0.197250,0.150584,18.096108,8.857013,0.226454
pipeline_1decode,0,4,11,5,0,1780636301.229725,1780636303.501254,0.796513,0.150506,18.860701,9.046367,0.189354
pipeline_1decode,0,4,13,6,0,1780636301.266444,1780636303.692225,0.958379,0.150607,19.047679,9.083086,0.036719
pipeline_1decode,0,4,27,0,0,1780636301.903520,1780636302.159365,0.183006,0.150668,17.486079,9.720163,0.637076
pipeline_1decode,0,4,17,4,0,1780636302.502047,1780636302.538268,0.006614,0.150559,17.885300,10.318689,0.598526
pipeline_1decode,0,4,5,1,0,1780636302.610117,1780636303.118500,0.465025,0.150655,18.494984,10.426759,0.108070
pipeline_1decode,0,4,14,1,0,1780636302.622647,1780636302.927466,0.275300,0.150776,18.275492,10.439290,0.012530
pipeline_1decode,0,4,18,5,0,1780636302.677690,1780636303.310311,0.606753,0.150476,18.655831,10.494333,0.055043
pipeline_1decode,0,4,19,6,0,1780636302.710869,1780636303.883222,1.146098,0.150565,19.224154,10.527512,0.033179
pipeline_1decode,0,4,8,2,0,1780636302.754955,1780636304.268383,1.460045,0.150751,19.629394,10.571597,0.044086
pipeline_1decode,0,4,15,2,0,1780636302.765597,1780636304.075003,1.267812,0.150543,19.423472,10.582240,0.010642
pipeline_1decode,0,4,9,3,0,1780636302.855996,1780636304.649344,1.757625,0.150595,20.015935,10.672639,0.090399
pipeline_1decode,0,4,16,3,0,1780636302.868173,1780636304.458759,1.568315,0.150825,19.812114,10.684815,0.012177
pipeline_1decode,0,4,34,0,0,1780636302.912678,1780636305.033185,1.666508,0.150733,20.347983,10.729321,0.044506
pipeline_1decode,0,4,41,0,0,1780636303.344280,1780636304.842368,1.476895,0.151226,20.140937,11.160923,0.431602
pipeline_1decode,0,4,23,4,0,1780636303.827318,1780636305.222881,0.595912,0.150662,20.555999,11.643960,0.483037
pipeline_1decode,0,4,25,5,0,1780636304.012096,1780636306.171292,1.331845,0.150513,21.520879,11.828738,0.184778
pipeline_1decode,0,4,21,1,0,1780636304.034118,1780636307.309990,2.456249,0.150431,22.653880,11.850760,0.022022
pipeline_1decode,0,4,26,6,0,1780636304.073291,1780636306.740058,1.897591,0.151186,22.071133,11.889933,0.039173
pipeline_1decode,0,4,22,2,0,1780636304.182341,1780636307.499853,2.500598,0.150524,22.842962,11.998983,0.109050
pipeline_1decode,0,4,24,3,0,1780636304.266702,1780636308.258846,3.181666,0.150547,23.591044,12.083345,0.084362
pipeline_1decode,0,4,32,4,0,1780636304.597451,1780636305.602785,0.973335,0.150532,20.918055,12.414094,0.330749
pipeline_1decode,0,4,37,4,0,1780636304.598939,1780636305.413109,0.784903,0.150591,20.723066,12.415582,0.001488
pipeline_1decode,0,4,31,5,0,1780636304.784036,1780636306.550538,1.708991,0.150475,21.870572,12.600679,0.185097
pipeline_1decode,0,4,39,5,0,1780636304.786386,1780636305.792321,0.961040,0.150550,21.092621,12.603029,0.002350
pipeline_1decode,0,4,33,6,0,1780636304.807642,1780636306.360896,1.520400,0.150443,21.684528,12.624285,0.021256
pipeline_1decode,0,4,40,6,0,1780636304.809258,1780636305.981765,1.143556,0.150498,21.281960,12.625901,0.001616
pipeline_1decode,0,4,28,1,0,1780636304.821014,1780636307.119649,2.266931,0.150486,22.447338,12.637657,0.011756
pipeline_1decode,0,4,35,1,0,1780636304.822551,1780636306.930195,2.078605,0.150432,22.243258,12.639194,0.001537
pipeline_1decode,0,4,29,2,0,1780636304.972420,1780636307.689363,2.688969,0.150620,23.013006,12.789062,0.149868
pipeline_1decode,0,4,36,2,0,1780636304.973816,1780636307.879398,2.878027,0.150424,23.188369,12.790459,0.001397
pipeline_1decode,0,4,30,3,0,1780636305.049314,1780636308.448656,3.370461,0.150552,23.770000,12.865956,0.075497
pipeline_1decode,0,4,38,3,0,1780636305.050757,1780636308.069441,2.993417,0.150469,23.380970,12.867399,0.001443
pipeline_1decode,1,8,0,2,0,1780636338.404809,1780636340.249988,0.007365,0.152582,24.856130,0.000000,
pipeline_1decode,1,8,1,3,0,1780636338.544661,1780636340.442296,0.055487,0.150568,25.041894,0.139852,0.139852
pipeline_1decode,1,8,2,4,0,1780636338.660100,1780636340.635887,0.114068,0.150836,25.234201,0.255291,0.115438
pipeline_1decode,1,8,5,5,0,1780636338.839954,1780636340.826385,0.160626,0.150706,25.414552,0.435146,0.179855
pipeline_1decode,1,8,3,6,0,1780636338.869492,1780636341.017604,0.291475,0.150615,25.612431,0.464683,0.029537
pipeline_1decode,1,8,4,0,0,1780636339.021832,1780636341.207803,0.343836,0.150715,25.826828,0.617023,0.152340
pipeline_1decode,1,8,6,1,0,1780636339.073030,1780636341.399127,0.467382,0.150584,26.005108,0.668222,0.051198
pipeline_1decode,1,8,7,2,0,1780636342.193901,1780636343.678390,0.007221,0.150805,28.263171,3.789092,3.120871
pipeline_1decode,1,8,8,3,0,1780636342.331139,1780636343.869639,0.022979,0.150519,28.457696,3.926330,0.137238
pipeline_1decode,1,8,9,4,0,1780636342.440865,1780636344.062035,0.128329,0.150688,28.645593,4.036057,0.109727
pipeline_1decode,1,8,10,5,0,1780636342.624140,1780636344.256425,0.107470,0.150585,28.843920,4.219331,0.183275
pipeline_1decode,1,8,11,6,0,1780636342.671759,1780636344.449492,0.259154,0.150744,29.032750,4.266951,0.047620
pipeline_1decode,1,8,12,0,0,1780636342.829840,1780636344.640819,0.329710,0.150757,29.220135,4.425032,0.158081
pipeline_1decode,1,8,13,1,0,1780636342.874825,1780636344.833080,0.479417,0.150548,29.416315,4.470016,0.044985
pipeline_1decode,1,8,14,2,0,1780636345.304120,1780636346.434875,0.006355,0.151057,31.018024,6.899312,2.429295
pipeline_1decode,1,8,17,3,0,1780636345.438383,1780636346.627020,0.051395,0.150527,31.205542,7.033575,0.134263
pipeline_1decode,1,8,15,4,0,1780636345.545096,1780636346.819142,0.137800,0.150793,31.404487,7.140288,0.106713
pipeline_1decode,1,8,16,5,0,1780636345.728363,1780636347.011673,0.140964,0.150926,31.596423,7.323554,0.183266
pipeline_1decode,1,8,18,6,0,1780636345.779638,1780636347.206274,0.294265,0.150954,31.780241,7.374830,0.051275
pipeline_1decode,1,8,20,0,0,1780636345.925255,1780636347.398515,0.341107,0.150945,31.969060,7.520446,0.145617
pipeline_1decode,1,8,19,1,0,1780636345.960725,1780636347.588590,0.483954,0.150643,32.158501,7.555916,0.035470
pipeline_1decode,1,8,21,2,0,1780636347.697512,1780636348.712599,0.198802,0.150635,33.296733,9.292704,1.736787
pipeline_1decode,1,8,22,3,0,1780636347.849885,1780636348.905529,0.244703,0.151196,33.476560,9.445076,0.152372
pipeline_1decode,1,8,23,4,0,1780636347.994292,1780636349.477176,0.702854,0.150728,34.046473,9.589483,0.144407
pipeline_1decode,1,8,25,5,0,1780636348.141571,1780636349.856248,0.863306,0.150594,34.417590,9.736762,0.147279
pipeline_1decode,1,8,24,6,0,1780636348.169516,1780636349.667519,0.677531,0.150619,34.223964,9.764708,0.027945
pipeline_1decode,1,8,26,0,0,1780636348.358089,1780636350.608612,1.451785,0.150529,35.169393,9.953280,0.188573
pipeline_1decode,1,8,28,1,0,1780636348.362816,1780636350.796605,1.616199,0.150522,35.352448,9.958007,0.004727
pipeline_1decode,1,8,27,2,0,1780636348.490924,1780636348.520441,0.007849,0.150915,33.085151,10.086115,0.128108
pipeline_1decode,1,8,29,3,0,1780636348.639575,1780636349.095364,0.431627,0.150756,33.655311,10.234766,0.148651
pipeline_1decode,1,8,30,4,0,1780636348.751100,1780636349.287038,0.513834,0.150668,33.842159,10.346292,0.111525
pipeline_1decode,1,8,32,5,0,1780636348.934560,1780636350.232840,1.168297,0.150599,34.776037,10.529751,0.183459
pipeline_1decode,1,8,33,6,0,1780636348.969482,1780636350.044566,1.048186,0.150890,34.582365,10.564673,0.034922
pipeline_1decode,1,8,31,0,0,1780636349.126386,1780636350.420308,1.269771,0.150626,34.966123,10.721577,0.156904
pipeline_1decode,1,8,34,1,0,1780636349.160918,1780636350.985240,1.793887,0.150503,35.517535,10.756109,0.034532
pipeline_1decode,1,8,35,2,0,1780636349.304377,1780636351.174027,1.853955,0.150491,35.707819,10.899568,0.143459
pipeline_1decode,1,8,36,3,0,1780636349.460858,1780636351.362595,1.884644,0.150662,35.896950,11.056049,0.156481
pipeline_1decode,1,8,38,4,0,1780636349.576565,1780636351.551245,1.962140,0.150661,36.078626,11.171757,0.115707
pipeline_1decode,1,8,37,5,0,1780636349.750036,1780636351.739863,1.975217,0.150466,36.271424,11.345227,0.173470
pipeline_1decode,1,8,39,6,0,1780636349.787763,1780636351.928025,2.124607,0.150596,36.466866,11.382954,0.037727
pipeline_1decode,1,8,41,0,0,1780636349.960067,1780636352.115324,2.134942,0.150521,36.636313,11.555258,0.172304
pipeline_1decode,1,8,40,1,0,1780636349.979531,1780636352.302792,2.308454,0.150508,36.823546,11.574723,0.019464
pipeline_1decode,2,12,0,3,0,1780636402.041731,1780636403.896543,0.009807,0.151903,41.471791,0.000000,
pipeline_1decode,2,12,1,4,0,1780636402.231213,1780636404.093686,0.012464,0.150629,41.642709,0.189482,0.189482
pipeline_1decode,2,12,2,5,0,1780636402.267335,1780636404.284616,0.157373,0.150815,41.873589,0.225604,0.036122
pipeline_1decode,2,12,4,6,0,1780636402.482507,1780636404.477450,0.164040,0.150881,42.056699,0.440776,0.215172
pipeline_1decode,2,12,3,0,0,1780636402.571196,1780636404.668943,0.260979,0.150862,42.233679,0.529465,0.088689
pipeline_1decode,2,12,5,1,0,1780636402.622929,1780636404.861746,0.396403,0.150919,42.432872,0.581198,0.051733
pipeline_1decode,2,12,6,2,0,1780636402.691175,1780636405.052934,0.505439,0.151031,42.606909,0.649444,0.068246
pipeline_1decode,2,12,7,3,0,1780636405.825178,1780636407.321030,0.007631,0.150982,44.873300,3.783447,3.134002
pipeline_1decode,2,12,9,4,0,1780636406.038424,1780636407.604357,0.094096,0.150695,45.156125,3.996693,0.213246
pipeline_1decode,2,12,8,5,0,1780636406.069800,1780636407.795995,0.233697,0.150660,45.354473,4.028069,0.031376
pipeline_1decode,2,12,12,6,0,1780636406.265435,1780636407.987773,0.246594,0.150656,45.534369,4.223703,0.195635
pipeline_1decode,2,12,11,0,0,1780636406.344683,1780636408.179950,0.324449,0.150647,45.715125,4.302952,0.079248
pipeline_1decode,2,12,10,1,0,1780636406.404290,1780636408.372441,0.459044,0.150731,45.912714,4.362558,0.059607
pipeline_1decode,2,12,14,2,0,1780636406.515382,1780636408.563708,0.574411,0.150858,46.100685,4.473650,0.111092
pipeline_1decode,2,12,13,3,0,1780636408.912201,1780636410.075591,0.008148,0.150960,47.601214,6.870470,2.396820
pipeline_1decode,2,12,15,4,0,1780636409.112856,1780636410.340910,0.070069,0.150740,47.874561,7.071125,0.200655
pipeline_1decode,2,12,16,5,0,1780636409.176214,1780636410.533342,0.198960,0.150902,48.064042,7.134482,0.063358
pipeline_1decode,2,12,18,6,0,1780636409.372492,1780636410.725533,0.230753,0.150785,48.246861,7.330760,0.196278
pipeline_1decode,2,12,17,0,0,1780636409.440506,1780636410.917578,0.344562,0.151587,48.434084,7.398774,0.068014
pipeline_1decode,2,12,19,1,0,1780636409.510510,1780636411.109344,0.444559,0.150666,48.635937,7.468779,0.070005
pipeline_1decode,2,12,20,2,0,1780636409.574775,1780636411.301258,0.579812,0.150687,48.823610,7.533043,0.064264
pipeline_1decode,2,12,22,3,0,1780636411.338532,1780636412.363061,0.207610,0.150775,49.879754,9.296801,1.763758
pipeline_1decode,2,12,21,4,0,1780636411.527852,1780636412.552775,0.205137,0.150636,50.062729,9.486121,0.189320
pipeline_1decode,2,12,23,5,0,1780636411.599258,1780636413.126379,0.689556,0.150734,50.648047,9.557527,0.071406
pipeline_1decode,2,12,26,6,0,1780636411.757107,1780636413.318913,0.717625,0.150646,50.824796,9.715376,0.157849
pipeline_1decode,2,12,24,0,0,1780636411.856540,1780636413.887095,1.199900,0.150879,51.390080,9.814809,0.099433
pipeline_1decode,2,12,25,1,0,1780636411.939358,1780636414.651502,1.819120,0.150755,52.161935,9.897626,0.082818
pipeline_1decode,2,12,27,2,0,1780636411.992129,1780636414.267466,1.465764,0.150759,51.780607,9.950397,0.052771
pipeline_1decode,2,12,28,3,0,1780636412.130723,1780636412.166042,0.011728,0.151368,49.677836,10.088991,0.138594
pipeline_1decode,2,12,29,4,0,1780636412.323227,1780636412.744057,0.379954,0.150970,50.264355,10.281496,0.192504
pipeline_1decode,2,12,30,5,0,1780636412.407766,1780636412.934968,0.499761,0.150987,50.453350,10.366035,0.084539
pipeline_1decode,2,12,31,6,0,1780636412.558260,1780636413.508801,0.862134,0.150661,51.018000,10.516529,0.150494
pipeline_1decode,2,12,32,0,0,1780636412.643431,1780636413.699646,1.013715,0.150795,51.203502,10.601699,0.085171
pipeline_1decode,2,12,33,1,0,1780636412.728039,1780636414.077524,1.291220,0.150672,51.557313,10.686307,0.084608
pipeline_1decode,2,12,34,2,0,1780636412.782464,1780636414.458570,1.655725,0.150695,51.951725,10.740732,0.054425
pipeline_1decode,2,12,35,3,0,1780636412.950683,1780636414.843374,1.877213,0.151101,52.330288,10.908952,0.168219
pipeline_1decode,2,12,36,4,0,1780636413.142523,1780636415.034852,1.877583,0.150889,52.521523,11.100792,0.191840
pipeline_1decode,2,12,37,5,0,1780636413.232222,1780636415.224872,1.976681,0.150930,52.705844,11.190490,0.089699
pipeline_1decode,2,12,39,6,0,1780636413.382356,1780636415.414874,2.018695,0.150908,52.900982,11.340624,0.150134
pipeline_1decode,2,12,38,0,0,1780636413.460747,1780636415.605096,2.128328,0.150661,53.090802,11.419015,0.078391
pipeline_1decode,2,12,40,1,0,1780636413.556523,1780636415.794333,2.225272,0.151212,53.271986,11.514791,0.095776
pipeline_1decode,2,12,41,2,0,1780636413.588730,1780636415.986472,2.382850,0.150763,53.458031,11.546999,0.032207
pipeline_1decode_dummy_decode,0,4,6,0,0,1780636835.224684,1780636835.259118,0.006542,0.001880,7.225132,0.000000,
pipeline_1decode_dummy_decode,0,4,12,0,0,1780636840.722119,1780636842.221019,0.005565,0.001575,14.168174,5.497435,5.497435
pipeline_1decode_dummy_decode,0,4,2,2,0,1780636841.914722,1780636841.957224,0.007442,0.001795,13.935735,6.690038,1.192603
pipeline_1decode_dummy_decode,0,4,3,3,0,1780636841.987953,1780636842.070045,0.005774,0.001639,14.036124,6.763269,0.073231
pipeline_1decode_dummy_decode,0,4,0,1,0,1780636842.166419,1780636842.213053,0.005416,0.001776,14.191846,6.941735,0.178466
pipeline_1decode_dummy_decode,0,4,4,5,0,1780636842.247373,1780636842.285810,0.005293,0.001637,14.248935,7.022690,0.080955
pipeline_1decode_dummy_decode,0,4,1,4,0,1780636842.476120,1780636842.520682,0.005284,0.001609,14.494407,7.251437,0.228747
pipeline_1decode_dummy_decode,0,4,5,6,0,1780636842.539951,1780636842.584972,0.005569,0.001592,14.547223,7.315267,0.063830
pipeline_1decode_dummy_decode,0,4,20,0,0,1780636843.841153,1780636844.986832,0.005801,0.001666,16.926702,8.616470,1.301203
pipeline_1decode_dummy_decode,0,4,11,5,0,1780636844.307997,1780636845.807297,0.009832,0.001450,17.754773,9.083313,0.466844
pipeline_1decode_dummy_decode,0,4,10,4,0,1780636844.567407,1780636846.048486,0.004600,0.001587,17.998690,9.342724,0.259410
pipeline_1decode_dummy_decode,0,4,13,6,0,1780636844.648683,1780636846.123988,0.004890,0.001606,18.070440,9.423999,0.081275
pipeline_1decode_dummy_decode,0,4,27,0,0,1780636844.958689,1780636844.993848,0.010129,0.001430,16.911153,9.734005,0.310006
pipeline_1decode_dummy_decode,0,4,17,5,0,1780636845.771821,1780636845.800358,0.005499,0.001835,17.737337,10.547137,0.813132
pipeline_1decode_dummy_decode,0,4,8,2,0,1780636845.853189,1780636845.892192,0.005805,0.001610,17.846943,10.628505,0.081368
pipeline_1decode_dummy_decode,0,4,16,2,0,1780636845.865871,1780636845.899068,0.010202,0.001461,17.836404,10.641187,0.012682
pipeline_1decode_dummy_decode,0,4,9,3,0,1780636845.930535,1780636846.009562,0.009076,0.001429,17.961875,10.705851,0.064663
pipeline_1decode_dummy_decode,0,4,34,0,0,1780636845.937250,1780636846.420265,0.006036,0.001642,18.327390,10.712566,0.006716
pipeline_1decode_dummy_decode,0,4,15,3,0,1780636845.942254,1780636846.002509,0.005175,0.001623,17.944737,10.717570,0.005003
pipeline_1decode_dummy_decode,0,4,18,4,0,1780636846.023685,1780636846.055186,0.008678,0.001460,17.985742,10.799002,0.081432
pipeline_1decode_dummy_decode,0,4,21,6,0,1780636846.094096,1780636846.130705,0.007694,0.001597,18.058919,10.869413,0.070411
pipeline_1decode_dummy_decode,0,4,7,1,0,1780636846.099495,1780636846.162070,0.004785,0.001638,18.118591,10.874812,0.005399
pipeline_1decode_dummy_decode,0,4,14,1,0,1780636846.112295,1780636846.143724,0.004917,0.001720,18.086599,10.887611,0.012800
pipeline_1decode_dummy_decode,0,4,39,0,0,1780636846.394725,1780636846.427347,0.011969,0.001565,18.318230,11.170041,0.282429
pipeline_1decode_dummy_decode,0,4,25,5,0,1780636847.061610,1780636847.900209,0.006702,0.001702,19.818726,11.836927,0.666886
pipeline_1decode_dummy_decode,0,4,22,2,0,1780636847.263198,1780636848.087545,0.006486,0.002091,20.013101,12.038514,0.201587
pipeline_1decode_dummy_decode,0,4,23,4,0,1780636847.330698,1780636848.152672,0.006694,0.001826,20.075183,12.106014,0.067500
pipeline_1decode_dummy_decode,0,4,24,3,0,1780636847.391754,1780636848.199652,0.011317,0.001466,20.118449,12.167071,0.061057
pipeline_1decode_dummy_decode,0,4,26,6,0,1780636847.402426,1780636848.246945,0.013615,0.001671,20.160059,12.177743,0.010672
pipeline_1decode_dummy_decode,0,4,19,1,0,1780636847.517534,1780636848.340263,0.009765,0.001627,20.269336,12.292851,0.115108
pipeline_1decode_dummy_decode,0,4,32,5,0,1780636847.863165,1780636847.907420,0.012792,0.001446,19.807800,12.638481,0.345631
pipeline_1decode_dummy_decode,0,4,40,5,0,1780636847.864570,1780636847.913856,0.018121,0.003475,19.799696,12.639886,0.001405
pipeline_1decode_dummy_decode,0,4,29,2,0,1780636848.053256,1780636848.101788,0.018584,0.001501,20.008152,12.828572,0.188686
pipeline_1decode_dummy_decode,0,4,38,2,0,1780636848.054687,1780636848.095389,0.013227,0.001575,19.982733,12.830003,0.001431
pipeline_1decode_dummy_decode,0,4,31,4,0,1780636848.120170,1780636848.167980,0.019718,0.001560,20.070425,12.895487,0.065484
pipeline_1decode_dummy_decode,0,4,36,4,0,1780636848.121615,1780636848.160043,0.012914,0.001528,20.053845,12.896931,0.001444
pipeline_1decode_dummy_decode,0,4,30,3,0,1780636848.158497,1780636848.193387,0.008152,0.001475,20.098761,12.933813,0.036882
pipeline_1decode_dummy_decode,0,4,37,3,0,1780636848.160017,1780636848.186357,0.004255,0.001626,20.076618,12.935333,0.001520
pipeline_1decode_dummy_decode,0,4,33,6,0,1780636848.192248,1780636848.239974,0.007809,0.001646,20.139282,12.967564,0.032231
pipeline_1decode_dummy_decode,0,4,41,6,0,1780636848.193684,1780636848.232685,0.004801,0.001706,20.116672,12.969001,0.001436
pipeline_1decode_dummy_decode,0,4,28,1,0,1780636848.305174,1780636848.347247,0.015628,0.001678,20.257506,13.080490,0.111490
pipeline_1decode_dummy_decode,0,4,35,1,0,1780636848.306668,1780636848.332269,0.005755,0.002048,20.229282,13.081984,0.001494
pipeline_1decode_stagger_0p15,0,4,6,0,0,1780637314.210571,1780637314.245340,0.010809,0.152247,6.851384,0.000000,
pipeline_1decode_stagger_0p15,0,4,0,1,0,1780637317.449917,1780637317.487301,0.006339,0.151195,10.993122,3.239345,3.239345
pipeline_1decode_stagger_0p15,0,4,1,2,0,1780637317.541552,1780637317.677400,0.108122,0.150622,11.024897,3.330981,0.091635
pipeline_1decode_stagger_0p15,0,4,2,3,0,1780637317.802750,1780637317.865509,0.024090,0.150766,11.078653,3.592179,0.261198
pipeline_1decode_stagger_0p15,0,4,3,4,0,1780637318.592357,1780637318.638664,0.007734,0.150607,11.702982,4.381786,0.789607
pipeline_1decode_stagger_0p15,0,4,4,5,0,1780637318.783468,1780637318.833986,0.022368,0.150848,11.739993,4.572897,0.191111
pipeline_1decode_stagger_0p15,0,4,5,6,0,1780637318.969927,1780637319.021951,0.019918,0.150645,11.770817,4.759356,0.186458
pipeline_1decode_stagger_0p15,0,4,13,0,0,1780637319.788373,1780637321.209658,0.007345,0.150817,12.764624,5.577801,0.818446
pipeline_1decode_stagger_0p15,0,4,10,4,0,1780637320.659912,1780637322.158301,0.008044,0.151136,14.189282,6.449341,0.871540
pipeline_1decode_stagger_0p15,0,4,11,5,0,1780637320.859505,1780637322.356412,0.019080,0.150603,14.229590,6.648934,0.199593
pipeline_1decode_stagger_0p15,0,4,12,6,0,1780637321.044163,1780637322.643548,0.097289,0.150352,14.371082,6.833591,0.184657
pipeline_1decode_stagger_0p15,0,4,7,1,0,1780637321.401108,1780637321.474509,0.041396,0.150475,13.963976,7.190537,0.356946
pipeline_1decode_stagger_0p15,0,4,8,2,0,1780637321.471956,1780637321.667251,0.164281,0.150768,13.994943,7.261384,0.070847
pipeline_1decode_stagger_0p15,0,4,9,3,0,1780637321.749627,1780637321.861867,0.079503,0.150692,14.026938,7.539056,0.277672
pipeline_1decode_stagger_0p15,0,4,20,0,0,1780637322.890253,1780637323.983134,0.010324,0.151057,14.538539,8.679681,1.140625
pipeline_1decode_stagger_0p15,0,4,14,1,0,1780637323.088176,1780637324.374412,0.179972,0.151221,15.799266,8.877605,0.197923
pipeline_1decode_stagger_0p15,0,4,15,2,0,1780637323.115776,1780637324.568633,0.312185,0.151317,15.842994,8.905205,0.027600
pipeline_1decode_stagger_0p15,0,4,16,3,0,1780637323.397493,1780637324.764773,0.226645,0.151414,15.887627,9.186922,0.281717
pipeline_1decode_stagger_0p15,0,4,17,4,0,1780637323.748550,1780637325.155599,0.264231,0.151437,16.129909,9.537979,0.351058
pipeline_1decode_stagger_0p15,0,4,27,0,0,1780637323.948303,1780637324.179180,0.205288,0.150663,13.657079,9.737732,0.199753
pipeline_1decode_stagger_0p15,0,4,18,5,0,1780637324.038620,1780637325.351805,0.229020,0.151379,16.176934,9.828048,0.090317
pipeline_1decode_stagger_0p15,0,4,19,6,0,1780637324.174689,1780637325.743654,0.450765,0.151315,16.424495,9.964118,0.136069
pipeline_1decode_stagger_0p15,0,4,24,4,0,1780637324.866922,1780637324.960300,0.072658,0.151413,14.880384,10.656351,0.692233
pipeline_1decode_stagger_0p15,0,4,34,0,0,1780637324.932530,1780637326.134207,0.729027,0.151315,14.556002,10.721958,0.065607
pipeline_1decode_stagger_0p15,0,4,25,5,0,1780637325.074612,1780637325.546705,0.422859,0.152072,15.321923,10.864041,0.142082
pipeline_1decode_stagger_0p15,0,4,26,6,0,1780637325.268662,1780637325.938830,0.643317,0.151392,15.559678,11.058091,0.194050
pipeline_1decode_stagger_0p15,0,4,41,0,0,1780637325.388009,1780637326.329263,0.921673,0.151327,13.692011,11.177438,0.119347
pipeline_1decode_stagger_0p15,0,4,21,1,0,1780637325.533719,1780637326.719205,0.426434,0.151214,17.081224,11.323148,0.145710
pipeline_1decode_stagger_0p15,0,4,22,2,0,1780637325.541104,1780637327.691582,1.344861,0.151007,17.904069,11.330533,0.007385
pipeline_1decode_stagger_0p15,0,4,23,3,0,1780637325.823143,1780637328.656137,2.028325,0.150801,18.719929,11.612572,0.282039
pipeline_1decode_stagger_0p15,0,4,31,4,0,1780637325.851574,1780637327.300712,0.965363,0.151446,16.169178,11.641003,0.028431
pipeline_1decode_stagger_0p15,0,4,32,5,0,1780637326.071247,1780637328.268216,1.712040,0.150763,16.981226,11.860676,0.219673
pipeline_1decode_stagger_0p15,0,4,28,1,0,1780637326.261905,1780637326.914184,0.620379,0.151194,16.228514,12.051334,0.190658
pipeline_1decode_stagger_0p15,0,4,35,1,0,1780637326.263594,1780637326.524104,0.232444,0.151194,14.790096,12.053023,0.001689
pipeline_1decode_stagger_0p15,0,4,33,6,0,1780637326.273154,1780637329.234466,2.497040,0.151028,17.794192,12.062583,0.009561
pipeline_1decode_stagger_0p15,0,4,38,4,0,1780637326.309696,1780637327.106859,0.772594,0.150792,14.921989,12.099125,0.036542
pipeline_1decode_stagger_0p15,0,4,29,2,0,1780637326.321072,1780637327.495682,1.149962,0.152441,16.662777,12.110501,0.011375
pipeline_1decode_stagger_0p15,0,4,36,2,0,1780637326.322543,1780637327.882856,1.535091,0.150859,15.991482,12.111971,0.001471
pipeline_1decode_stagger_0p15,0,4,39,5,0,1780637326.531599,1780637328.076711,1.521612,0.151127,15.733004,12.321028,0.209056
pipeline_1decode_stagger_0p15,0,4,30,3,0,1780637326.599079,1780637328.847380,2.218577,0.150756,17.863376,12.388508,0.067481
pipeline_1decode_stagger_0p15,0,4,37,3,0,1780637326.600524,1780637328.462335,1.837089,0.151222,16.422544,12.389953,0.001445
pipeline_1decode_stagger_0p15,0,4,40,6,0,1780637326.713912,1780637329.041701,2.305295,0.151193,16.544274,12.503341,0.113388
